<annotation>
	<folder>my-project-name</folder>
	<filename>ezgif-frame-019.jpg</filename>
	<path>/my-project-name/ezgif-frame-019.jpg</path>
	<source>
		<database>Unspecified</database>
	</source>
	<size>
		<width>1280</width>
		<height>720</height>
		<depth>3</depth>
	</size>
	<object>
		<name>auto-rickshaw</name>
		<pose>Unspecified</pose>
		<truncated>Unspecified</truncated>
		<difficult>Unspecified</difficult>
		<bndbox>
			<xmin>726</xmin>
			<ymin>232</ymin>
			<xmax>826</xmax>
			<ymax>366</ymax>
		</bndbox>
	</object>
	<object>
		<name>auto-rickshaw</name>
		<pose>Unspecified</pose>
		<truncated>Unspecified</truncated>
		<difficult>Unspecified</difficult>
		<bndbox>
			<xmin>610</xmin>
			<ymin>157</ymin>
			<xmax>646</xmax>
			<ymax>206</ymax>
		</bndbox>
	</object>
	<object>
		<name>car</name>
		<pose>Unspecified</pose>
		<truncated>Unspecified</truncated>
		<difficult>Unspecified</difficult>
		<bndbox>
			<xmin>532</xmin>
			<ymin>183</ymin>
			<xmax>634</xmax>
			<ymax>281</ymax>
		</bndbox>
	</object>
	<object>
		<name>car</name>
		<pose>Unspecified</pose>
		<truncated>Unspecified</truncated>
		<difficult>Unspecified</difficult>
		<bndbox>
			<xmin>454</xmin>
			<ymin>181</ymin>
			<xmax>514</xmax>
			<ymax>234</ymax>
		</bndbox>
	</object>
	<object>
		<name>car</name>
		<pose>Unspecified</pose>
		<truncated>Unspecified</truncated>
		<difficult>Unspecified</difficult>
		<bndbox>
			<xmin>466</xmin>
			<ymin>134</ymin>
			<xmax>506</xmax>
			<ymax>177</ymax>
		</bndbox>
	</object>
	<object>
		<name>car</name>
		<pose>Unspecified</pose>
		<truncated>Unspecified</truncated>
		<difficult>Unspecified</difficult>
		<bndbox>
			<xmin>523</xmin>
			<ymin>135</ymin>
			<xmax>560</xmax>
			<ymax>182</ymax>
		</bndbox>
	</object>
	<object>
		<name>car</name>
		<pose>Unspecified</pose>
		<truncated>Unspecified</truncated>
		<difficult>Unspecified</difficult>
		<bndbox>
			<xmin>386</xmin>
			<ymin>143</ymin>
			<xmax>426</xmax>
			<ymax>178</ymax>
		</bndbox>
	</object>
	<object>
		<name>car</name>
		<pose>Unspecified</pose>
		<truncated>Unspecified</truncated>
		<difficult>Unspecified</difficult>
		<bndbox>
			<xmin>154</xmin>
			<ymin>222</ymin>
			<xmax>209</xmax>
			<ymax>286</ymax>
		</bndbox>
	</object>
	<object>
		<name>person</name>
		<pose>Unspecified</pose>
		<truncated>Unspecified</truncated>
		<difficult>Unspecified</difficult>
		<bndbox>
			<xmin>926</xmin>
			<ymin>252</ymin>
			<xmax>966</xmax>
			<ymax>348</ymax>
		</bndbox>
	</object>
	<object>
		<name>person</name>
		<pose>Unspecified</pose>
		<truncated>Unspecified</truncated>
		<difficult>Unspecified</difficult>
		<bndbox>
			<xmin>1039</xmin>
			<ymin>403</ymin>
			<xmax>1090</xmax>
			<ymax>545</ymax>
		</bndbox>
	</object>
	<object>
		<name>person</name>
		<pose>Unspecified</pose>
		<truncated>Unspecified</truncated>
		<difficult>Unspecified</difficult>
		<bndbox>
			<xmin>775</xmin>
			<ymin>187</ymin>
			<xmax>821</xmax>
			<ymax>234</ymax>
		</bndbox>
	</object>
	<object>
		<name>bike</name>
		<pose>Unspecified</pose>
		<truncated>Unspecified</truncated>
		<difficult>Unspecified</difficult>
		<bndbox>
			<xmin>969</xmin>
			<ymin>292</ymin>
			<xmax>1040</xmax>
			<ymax>368</ymax>
		</bndbox>
	</object>
	<object>
		<name>bike</name>
		<pose>Unspecified</pose>
		<truncated>Unspecified</truncated>
		<difficult>Unspecified</difficult>
		<bndbox>
			<xmin>672</xmin>
			<ymin>188</ymin>
			<xmax>697</xmax>
			<ymax>228</ymax>
		</bndbox>
	</object>
	<object>
		<name>bike</name>
		<pose>Unspecified</pose>
		<truncated>Unspecified</truncated>
		<difficult>Unspecified</difficult>
		<bndbox>
			<xmin>985</xmin>
			<ymin>435</ymin>
			<xmax>1124</xmax>
			<ymax>601</ymax>
		</bndbox>
	</object>
</annotation>