<annotation>
	<folder>my-project-name</folder>
	<filename>ezgif-frame-029.jpg</filename>
	<path>/my-project-name/ezgif-frame-029.jpg</path>
	<source>
		<database>Unspecified</database>
	</source>
	<size>
		<width>1280</width>
		<height>720</height>
		<depth>3</depth>
	</size>
	<object>
		<name>auto-rickshaw</name>
		<pose>Unspecified</pose>
		<truncated>Unspecified</truncated>
		<difficult>Unspecified</difficult>
		<bndbox>
			<xmin>925</xmin>
			<ymin>335</ymin>
			<xmax>1107</xmax>
			<ymax>550</ymax>
		</bndbox>
	</object>
	<object>
		<name>auto-rickshaw</name>
		<pose>Unspecified</pose>
		<truncated>Unspecified</truncated>
		<difficult>Unspecified</difficult>
		<bndbox>
			<xmin>614</xmin>
			<ymin>174</ymin>
			<xmax>676</xmax>
			<ymax>236</ymax>
		</bndbox>
	</object>
	<object>
		<name>car</name>
		<pose>Unspecified</pose>
		<truncated>Unspecified</truncated>
		<difficult>Unspecified</difficult>
		<bndbox>
			<xmin>557</xmin>
			<ymin>230</ymin>
			<xmax>742</xmax>
			<ymax>421</ymax>
		</bndbox>
	</object>
	<object>
		<name>car</name>
		<pose>Unspecified</pose>
		<truncated>Unspecified</truncated>
		<difficult>Unspecified</difficult>
		<bndbox>
			<xmin>439</xmin>
			<ymin>190</ymin>
			<xmax>538</xmax>
			<ymax>290</ymax>
		</bndbox>
	</object>
	<object>
		<name>car</name>
		<pose>Unspecified</pose>
		<truncated>Unspecified</truncated>
		<difficult>Unspecified</difficult>
		<bndbox>
			<xmin>453</xmin>
			<ymin>133</ymin>
			<xmax>506</xmax>
			<ymax>178</ymax>
		</bndbox>
	</object>
	<object>
		<name>car</name>
		<pose>Unspecified</pose>
		<truncated>Unspecified</truncated>
		<difficult>Unspecified</difficult>
		<bndbox>
			<xmin>502</xmin>
			<ymin>155</ymin>
			<xmax>560</xmax>
			<ymax>206</ymax>
		</bndbox>
	</object>
	<object>
		<name>car</name>
		<pose>Unspecified</pose>
		<truncated>Unspecified</truncated>
		<difficult>Unspecified</difficult>
		<bndbox>
			<xmin>573</xmin>
			<ymin>143</ymin>
			<xmax>619</xmax>
			<ymax>183</ymax>
		</bndbox>
	</object>
	<object>
		<name>person</name>
		<pose>Unspecified</pose>
		<truncated>Unspecified</truncated>
		<difficult>Unspecified</difficult>
		<bndbox>
			<xmin>761</xmin>
			<ymin>183</ymin>
			<xmax>801</xmax>
			<ymax>252</ymax>
		</bndbox>
	</object>
	<object>
		<name>person</name>
		<pose>Unspecified</pose>
		<truncated>Unspecified</truncated>
		<difficult>Unspecified</difficult>
		<bndbox>
			<xmin>901</xmin>
			<ymin>243</ymin>
			<xmax>935</xmax>
			<ymax>316</ymax>
		</bndbox>
	</object>
	<object>
		<name>person</name>
		<pose>Unspecified</pose>
		<truncated>Unspecified</truncated>
		<difficult>Unspecified</difficult>
		<bndbox>
			<xmin>827</xmin>
			<ymin>230</ymin>
			<xmax>875</xmax>
			<ymax>302</ymax>
		</bndbox>
	</object>
	<object>
		<name>bike</name>
		<pose>Unspecified</pose>
		<truncated>Unspecified</truncated>
		<difficult>Unspecified</difficult>
		<bndbox>
			<xmin>813</xmin>
			<ymin>283</ymin>
			<xmax>897</xmax>
			<ymax>363</ymax>
		</bndbox>
	</object>
	<object>
		<name>bike</name>
		<pose>Unspecified</pose>
		<truncated>Unspecified</truncated>
		<difficult>Unspecified</difficult>
		<bndbox>
			<xmin>710</xmin>
			<ymin>219</ymin>
			<xmax>752</xmax>
			<ymax>274</ymax>
		</bndbox>
	</object>
	<object>
		<name>bike</name>
		<pose>Unspecified</pose>
		<truncated>Unspecified</truncated>
		<difficult>Unspecified</difficult>
		<bndbox>
			<xmin>973</xmin>
			<ymin>289</ymin>
			<xmax>1028</xmax>
			<ymax>338</ymax>
		</bndbox>
	</object>
</annotation>