<annotation>
	<folder>my-project-name</folder>
	<filename>ezgif-frame-017.jpg</filename>
	<path>/my-project-name/ezgif-frame-017.jpg</path>
	<source>
		<database>Unspecified</database>
	</source>
	<size>
		<width>1280</width>
		<height>720</height>
		<depth>3</depth>
	</size>
	<object>
		<name>auto-rickshaw</name>
		<pose>Unspecified</pose>
		<truncated>Unspecified</truncated>
		<difficult>Unspecified</difficult>
		<bndbox>
			<xmin>716</xmin>
			<ymin>232</ymin>
			<xmax>814</xmax>
			<ymax>350</ymax>
		</bndbox>
	</object>
	<object>
		<name>auto-rickshaw</name>
		<pose>Unspecified</pose>
		<truncated>Unspecified</truncated>
		<difficult>Unspecified</difficult>
		<bndbox>
			<xmin>610</xmin>
			<ymin>156</ymin>
			<xmax>653</xmax>
			<ymax>206</ymax>
		</bndbox>
	</object>
	<object>
		<name>car</name>
		<pose>Unspecified</pose>
		<truncated>Unspecified</truncated>
		<difficult>Unspecified</difficult>
		<bndbox>
			<xmin>534</xmin>
			<ymin>181</ymin>
			<xmax>615</xmax>
			<ymax>272</ymax>
		</bndbox>
	</object>
	<object>
		<name>car</name>
		<pose>Unspecified</pose>
		<truncated>Unspecified</truncated>
		<difficult>Unspecified</difficult>
		<bndbox>
			<xmin>466</xmin>
			<ymin>170</ymin>
			<xmax>523</xmax>
			<ymax>228</ymax>
		</bndbox>
	</object>
	<object>
		<name>car</name>
		<pose>Unspecified</pose>
		<truncated>Unspecified</truncated>
		<difficult>Unspecified</difficult>
		<bndbox>
			<xmin>463</xmin>
			<ymin>126</ymin>
			<xmax>501</xmax>
			<ymax>165</ymax>
		</bndbox>
	</object>
	<object>
		<name>car</name>
		<pose>Unspecified</pose>
		<truncated>Unspecified</truncated>
		<difficult>Unspecified</difficult>
		<bndbox>
			<xmin>588</xmin>
			<ymin>132</ymin>
			<xmax>628</xmax>
			<ymax>170</ymax>
		</bndbox>
	</object>
	<object>
		<name>person</name>
		<pose>Unspecified</pose>
		<truncated>Unspecified</truncated>
		<difficult>Unspecified</difficult>
		<bndbox>
			<xmin>934</xmin>
			<ymin>268</ymin>
			<xmax>988</xmax>
			<ymax>360</ymax>
		</bndbox>
	</object>
	<object>
		<name>person</name>
		<pose>Unspecified</pose>
		<truncated>Unspecified</truncated>
		<difficult>Unspecified</difficult>
		<bndbox>
			<xmin>783</xmin>
			<ymin>186</ymin>
			<xmax>813</xmax>
			<ymax>239</ymax>
		</bndbox>
	</object>
	<object>
		<name>bike</name>
		<pose>Unspecified</pose>
		<truncated>Unspecified</truncated>
		<difficult>Unspecified</difficult>
		<bndbox>
			<xmin>910</xmin>
			<ymin>385</ymin>
			<xmax>1035</xmax>
			<ymax>542</ymax>
		</bndbox>
	</object>
</annotation>