<annotation>
	<folder>my-project-name</folder>
	<filename>ezgif-frame-004.jpg</filename>
	<path>/my-project-name/ezgif-frame-004.jpg</path>
	<source>
		<database>Unspecified</database>
	</source>
	<size>
		<width>1280</width>
		<height>720</height>
		<depth>3</depth>
	</size>
	<object>
		<name>auto-rickshaw</name>
		<pose>Unspecified</pose>
		<truncated>Unspecified</truncated>
		<difficult>Unspecified</difficult>
		<bndbox>
			<xmin>640</xmin>
			<ymin>182</ymin>
			<xmax>699</xmax>
			<ymax>254</ymax>
		</bndbox>
	</object>
	<object>
		<name>auto-rickshaw</name>
		<pose>Unspecified</pose>
		<truncated>Unspecified</truncated>
		<difficult>Unspecified</difficult>
		<bndbox>
			<xmin>617</xmin>
			<ymin>141</ymin>
			<xmax>658</xmax>
			<ymax>188</ymax>
		</bndbox>
	</object>
	<object>
		<name>car</name>
		<pose>Unspecified</pose>
		<truncated>Unspecified</truncated>
		<difficult>Unspecified</difficult>
		<bndbox>
			<xmin>492</xmin>
			<ymin>244</ymin>
			<xmax>626</xmax>
			<ymax>370</ymax>
		</bndbox>
	</object>
	<object>
		<name>car</name>
		<pose>Unspecified</pose>
		<truncated>Unspecified</truncated>
		<difficult>Unspecified</difficult>
		<bndbox>
			<xmin>541</xmin>
			<ymin>154</ymin>
			<xmax>597</xmax>
			<ymax>212</ymax>
		</bndbox>
	</object>
	<object>
		<name>car</name>
		<pose>Unspecified</pose>
		<truncated>Unspecified</truncated>
		<difficult>Unspecified</difficult>
		<bndbox>
			<xmin>492</xmin>
			<ymin>151</ymin>
			<xmax>538</xmax>
			<ymax>194</ymax>
		</bndbox>
	</object>
	<object>
		<name>car</name>
		<pose>Unspecified</pose>
		<truncated>Unspecified</truncated>
		<difficult>Unspecified</difficult>
		<bndbox>
			<xmin>479</xmin>
			<ymin>132</ymin>
			<xmax>510</xmax>
			<ymax>160</ymax>
		</bndbox>
	</object>
	<object>
		<name>car</name>
		<pose>Unspecified</pose>
		<truncated>Unspecified</truncated>
		<difficult>Unspecified</difficult>
		<bndbox>
			<xmin>225</xmin>
			<ymin>204</ymin>
			<xmax>294</xmax>
			<ymax>259</ymax>
		</bndbox>
	</object>
	<object>
		<name>person</name>
		<pose>Unspecified</pose>
		<truncated>Unspecified</truncated>
		<difficult>Unspecified</difficult>
		<bndbox>
			<xmin>999</xmin>
			<ymin>295</ymin>
			<xmax>1037</xmax>
			<ymax>405</ymax>
		</bndbox>
	</object>
	<object>
		<name>person</name>
		<pose>Unspecified</pose>
		<truncated>Unspecified</truncated>
		<difficult>Unspecified</difficult>
		<bndbox>
			<xmin>932</xmin>
			<ymin>276</ymin>
			<xmax>982</xmax>
			<ymax>366</ymax>
		</bndbox>
	</object>
	<object>
		<name>person</name>
		<pose>Unspecified</pose>
		<truncated>Unspecified</truncated>
		<difficult>Unspecified</difficult>
		<bndbox>
			<xmin>795</xmin>
			<ymin>199</ymin>
			<xmax>823</xmax>
			<ymax>276</ymax>
		</bndbox>
	</object>
	<object>
		<name>person</name>
		<pose>Unspecified</pose>
		<truncated>Unspecified</truncated>
		<difficult>Unspecified</difficult>
		<bndbox>
			<xmin>615</xmin>
			<ymin>203</ymin>
			<xmax>646</xmax>
			<ymax>237</ymax>
		</bndbox>
	</object>
</annotation>