<annotation>
	<folder>my-project-name</folder>
	<filename>ezgif-frame-015.jpg</filename>
	<path>/my-project-name/ezgif-frame-015.jpg</path>
	<source>
		<database>Unspecified</database>
	</source>
	<size>
		<width>1280</width>
		<height>720</height>
		<depth>3</depth>
	</size>
	<object>
		<name>auto-rickshaw</name>
		<pose>Unspecified</pose>
		<truncated>Unspecified</truncated>
		<difficult>Unspecified</difficult>
		<bndbox>
			<xmin>695</xmin>
			<ymin>223</ymin>
			<xmax>785</xmax>
			<ymax>323</ymax>
		</bndbox>
	</object>
	<object>
		<name>auto-rickshaw</name>
		<pose>Unspecified</pose>
		<truncated>Unspecified</truncated>
		<difficult>Unspecified</difficult>
		<bndbox>
			<xmin>612</xmin>
			<ymin>152</ymin>
			<xmax>643</xmax>
			<ymax>201</ymax>
		</bndbox>
	</object>
	<object>
		<name>car</name>
		<pose>Unspecified</pose>
		<truncated>Unspecified</truncated>
		<difficult>Unspecified</difficult>
		<bndbox>
			<xmin>541</xmin>
			<ymin>170</ymin>
			<xmax>614</xmax>
			<ymax>254</ymax>
		</bndbox>
	</object>
	<object>
		<name>car</name>
		<pose>Unspecified</pose>
		<truncated>Unspecified</truncated>
		<difficult>Unspecified</difficult>
		<bndbox>
			<xmin>457</xmin>
			<ymin>163</ymin>
			<xmax>521</xmax>
			<ymax>222</ymax>
		</bndbox>
	</object>
	<object>
		<name>car</name>
		<pose>Unspecified</pose>
		<truncated>Unspecified</truncated>
		<difficult>Unspecified</difficult>
		<bndbox>
			<xmin>458</xmin>
			<ymin>123</ymin>
			<xmax>508</xmax>
			<ymax>163</ymax>
		</bndbox>
	</object>
	<object>
		<name>person</name>
		<pose>Unspecified</pose>
		<truncated>Unspecified</truncated>
		<difficult>Unspecified</difficult>
		<bndbox>
			<xmin>855</xmin>
			<ymin>326</ymin>
			<xmax>907</xmax>
			<ymax>457</ymax>
		</bndbox>
	</object>
	<object>
		<name>person</name>
		<pose>Unspecified</pose>
		<truncated>Unspecified</truncated>
		<difficult>Unspecified</difficult>
		<bndbox>
			<xmin>948</xmin>
			<ymin>261</ymin>
			<xmax>983</xmax>
			<ymax>354</ymax>
		</bndbox>
	</object>
	<object>
		<name>person</name>
		<pose>Unspecified</pose>
		<truncated>Unspecified</truncated>
		<difficult>Unspecified</difficult>
		<bndbox>
			<xmin>778</xmin>
			<ymin>192</ymin>
			<xmax>818</xmax>
			<ymax>253</ymax>
		</bndbox>
	</object>
	<object>
		<name>bike</name>
		<pose>Unspecified</pose>
		<truncated>Unspecified</truncated>
		<difficult>Unspecified</difficult>
		<bndbox>
			<xmin>831</xmin>
			<ymin>350</ymin>
			<xmax>959</xmax>
			<ymax>483</ymax>
		</bndbox>
	</object>
</annotation>